<?xml version="1.0" encoding="UTF-8" ?>
<XMLDB PATH="local/recommendation/db" VERSION="20230626" COMMENT="XMLDB file for Moodle local/recommendation"
    xmlns:xsi="http://www.w3.org/2001/XMLSchema-instance"
    xsi:noNamespaceSchemaLocation="../../../lib/xmldb/xmldb.xsd"
>
  <TABLES>
    <TABLE NAME="company_domain" COMMENT="Record of company domain are saved.">
      <FIELDS>
        <FIELD NAME="id" TYPE="int" LENGTH="10" NOTNULL="true" SEQUENCE="true"/>
        <FIELD NAME="userid" TYPE="int" LENGTH="20" NOTNULL="true" SEQUENCE="false"/>
        <FIELD NAME="companyid" TYPE="int" LENGTH="10" NOTNULL="true" SEQUENCE="false"/>
        <FIELD NAME="domain" TYPE="text" NOTNULL="true" SEQUENCE="false"/>
        <FIELD NAME="profile" TYPE="char" LENGTH="250" NOTNULL="false" SEQUENCE="false"/>
        <FIELD NAME="timecreated" TYPE="int" LENGTH="20" NOTNULL="false" SEQUENCE="false"/>
        <FIELD NAME="timemodified" TYPE="int" LENGTH="20" NOTNULL="false" SEQUENCE="false"/>
      </FIELDS>
      <KEYS>
        <KEY NAME="primary" TYPE="primary" FIELDS="id"/>
      </KEYS>
    </TABLE>
  </TABLES>
</XMLDB>
